-- ============================================================
-- FIRE-PALANTIR: 시드 데이터 — 전주덕진소방서 기준
-- 실제 관할 구역, 가상 인원/차량 데이터
-- ============================================================

-- ── Stations (소방서/센터) ───────────────────────────────────
insert into stations (id, name, short_name, district, address, lat, lon, phone) values
  ('10000000-0000-0000-0000-000000000001', '전주덕진소방서', '덕진', '덕진구',
   '전북 전주시 덕진구 금암동 289-1', 35.8442, 127.1068, '063-220-0119'),
  ('10000000-0000-0000-0000-000000000002', '금암119안전센터', '금암', '덕진구',
   '전북 전주시 덕진구 금암1동', 35.8410, 127.1050, '063-220-0211'),
  ('10000000-0000-0000-0000-000000000003', '전미119안전센터', '전미', '덕진구',
   '전북 전주시 덕진구 전미동', 35.8620, 127.1340, '063-220-0231'),
  ('10000000-0000-0000-0000-000000000004', '아중119안전센터', '아중', '덕진구',
   '전북 전주시 덕진구 아중리', 35.8780, 127.1520, '063-220-0241')
on conflict (id) do nothing;

-- ── Vehicles (차량) ──────────────────────────────────────────
-- 덕진소방서 본서
insert into vehicles (id, call_sign, vehicle_type, plate_number, station_id, status, max_crew, equipment_list, lat, lon) values
  ('20000000-0000-0000-0000-000000000001', '덕진지휘1', 'command', '전북12가1001',
   '10000000-0000-0000-0000-000000000001', 'standby', 2,
   '["지휘장비","통신장비","지도"]', 35.8442, 127.1068),
  ('20000000-0000-0000-0000-000000000002', '덕진펌프1', 'pump', '전북12가1002',
   '10000000-0000-0000-0000-000000000001', 'standby', 5,
   '["호스","관창","방수포","공기호흡기x5"]', 35.8442, 127.1068),
  ('20000000-0000-0000-0000-000000000003', '덕진탱크1', 'tank', '전북12가1003',
   '10000000-0000-0000-0000-000000000001', 'standby', 3,
   '["물탱크10톤","호스","관창"]', 35.8442, 127.1068),
  ('20000000-0000-0000-0000-000000000004', '덕진고가1', 'aerial', '전북12가1004',
   '10000000-0000-0000-0000-000000000001', 'standby', 3,
   '["고가사다리52m","구조장비","조명"]', 35.8442, 127.1068),
  ('20000000-0000-0000-0000-000000000005', '덕진구조1', 'rescue', '전북12가1005',
   '10000000-0000-0000-0000-000000000001', 'standby', 5,
   '["유압구조장비","에어백","로프","절단기"]', 35.8442, 127.1068),
  ('20000000-0000-0000-0000-000000000006', '덕진구급1', 'amb', '전북12가1006',
   '10000000-0000-0000-0000-000000000001', 'standby', 3,
   '["AED","산소","의약품","들것"]', 35.8442, 127.1068),
  ('20000000-0000-0000-0000-000000000007', '덕진구급2', 'amb', '전북12가1007',
   '10000000-0000-0000-0000-000000000001', 'standby', 3,
   '["AED","산소","의약품","들것"]', 35.8442, 127.1068)
on conflict (id) do nothing;

-- 금암안전센터
insert into vehicles (id, call_sign, vehicle_type, plate_number, station_id, status, max_crew, equipment_list, lat, lon) values
  ('20000000-0000-0000-0000-000000000011', '금암펌프1', 'pump', '전북12가2001',
   '10000000-0000-0000-0000-000000000002', 'standby', 5,
   '["호스","관창","방수포","공기호흡기x5"]', 35.8410, 127.1050),
  ('20000000-0000-0000-0000-000000000012', '금암펌프2', 'pump', '전북12가2002',
   '10000000-0000-0000-0000-000000000002', 'standby', 5,
   '["호스","관창","방수포","공기호흡기x5"]', 35.8410, 127.1050),
  ('20000000-0000-0000-0000-000000000013', '금암굴절1', 'ladder', '전북12가2003',
   '10000000-0000-0000-0000-000000000002', 'standby', 3,
   '["굴절사다리30m","구조장비"]', 35.8410, 127.1050),
  ('20000000-0000-0000-0000-000000000014', '금암구급1', 'amb', '전북12가2004',
   '10000000-0000-0000-0000-000000000002', 'standby', 3,
   '["AED","산소","의약품","들것"]', 35.8410, 127.1050)
on conflict (id) do nothing;

-- 전미안전센터
insert into vehicles (id, call_sign, vehicle_type, plate_number, station_id, status, max_crew, equipment_list, lat, lon) values
  ('20000000-0000-0000-0000-000000000021', '전미펌프1', 'pump', '전북12가3001',
   '10000000-0000-0000-0000-000000000003', 'standby', 5,
   '["호스","관창","방수포","공기호흡기x5"]', 35.8620, 127.1340),
  ('20000000-0000-0000-0000-000000000022', '전미탱크1', 'tank', '전북12가3002',
   '10000000-0000-0000-0000-000000000003', 'standby', 3,
   '["물탱크8톤","호스","관창"]', 35.8620, 127.1340),
  ('20000000-0000-0000-0000-000000000023', '전미구급1', 'amb', '전북12가3003',
   '10000000-0000-0000-0000-000000000003', 'standby', 3,
   '["AED","산소","의약품","들것"]', 35.8620, 127.1340)
on conflict (id) do nothing;

-- 아중안전센터
insert into vehicles (id, call_sign, vehicle_type, plate_number, station_id, status, max_crew, equipment_list, lat, lon) values
  ('20000000-0000-0000-0000-000000000031', '아중펌프1', 'pump', '전북12가4001',
   '10000000-0000-0000-0000-000000000004', 'standby', 5,
   '["호스","관창","방수포","공기호흡기x5"]', 35.8780, 127.1520),
  ('20000000-0000-0000-0000-000000000032', '아중구급1', 'amb', '전북12가4002',
   '10000000-0000-0000-0000-000000000004', 'standby', 3,
   '["AED","산소","의약품","들것"]', 35.8780, 127.1520)
on conflict (id) do nothing;

-- ── Personnel (인원) — 덕진소방서 기준 ──────────────────────
insert into personnel (id, name, rank, role, station_id, certifications, current_status, shift) values
  ('30000000-0000-0000-0000-000000000001', '김덕진', '소방경', 'commander',
   '10000000-0000-0000-0000-000000000001',
   '["화재진압","구조","화학"]', 'on_duty', 'A'),
  ('30000000-0000-0000-0000-000000000002', '이금암', '소방위', 'commander',
   '10000000-0000-0000-0000-000000000002',
   '["화재진압","구조"]', 'on_duty', 'A'),
  ('30000000-0000-0000-0000-000000000003', '박전미', '소방장', 'firefighter',
   '10000000-0000-0000-0000-000000000003',
   '["화재진압"]', 'on_duty', 'A'),
  ('30000000-0000-0000-0000-000000000004', '최아중', '소방장', 'firefighter',
   '10000000-0000-0000-0000-000000000004',
   '["화재진압","구급"]', 'on_duty', 'A'),
  ('30000000-0000-0000-0000-000000000005', '정구급', '소방교', 'paramedic',
   '10000000-0000-0000-0000-000000000001',
   '["구급사1급","심폐소생술"]', 'on_duty', 'A'),
  ('30000000-0000-0000-0000-000000000006', '한구조', '소방사', 'rescue',
   '10000000-0000-0000-0000-000000000001',
   '["구조사","로프","수중구조"]', 'on_duty', 'A')
on conflict (id) do nothing;

-- ── Buildings (건물) — 전주시 주요 건물 샘플 ─────────────────
insert into buildings (id, name, address, lat, lon, building_type, floors_above, floors_below, has_sprinkler, has_hazmat) values
  ('40000000-0000-0000-0000-000000000001', '전주 금암아이파크아파트', '전주시 덕진구 금암동 455',
   35.8420, 127.1085, '주거', 20, 2, true, false),
  ('40000000-0000-0000-0000-000000000002', '덕진구 복합상업시설', '전주시 덕진구 금암동 123',
   35.8400, 127.1100, '상업', 8, 1, true, false),
  ('40000000-0000-0000-0000-000000000003', '전주 제조공장 A', '전주시 덕진구 팔복동 1234',
   35.8650, 127.1580, '공장', 3, 0, false, true)
on conflict (id) do nothing;

-- ── 시뮬레이션 사고 시나리오 1: 아파트 화재 ─────────────────
insert into incidents (
  id, incident_number, incident_type, severity, title,
  address, lat, lon, building_id, commander_id,
  status, reported_at, dispatched_at, arrived_at,
  initial_report, caller_info
) values (
  '50000000-0000-0000-0000-000000000001',
  '2024-DK-0001',
  'fire', 4,
  '금암동 아파트 12층 화재',
  '전주시 덕진구 금암동 455 (금암아이파크 12층)',
  35.8420, 127.1085,
  '40000000-0000-0000-0000-000000000001',
  '30000000-0000-0000-0000-000000000001',
  'onscene',
  now() - interval '45 minutes',
  now() - interval '42 minutes',
  now() - interval '35 minutes',
  '아파트 12층에서 검은 연기 발생. 주민 대피 중. 내부 인원 1명 갇힘',
  '010-1234-5678 주민 신고'
) on conflict (id) do nothing;

-- 시나리오 1 출동 배정
insert into dispatches (incident_id, vehicle_id, dispatched_by, dispatched_at, arrived_at, role_at_scene) values
  ('50000000-0000-0000-0000-000000000001', '20000000-0000-0000-0000-000000000001',
   '30000000-0000-0000-0000-000000000001', now()-interval '42m', now()-interval '35m', '지휘'),
  ('50000000-0000-0000-0000-000000000001', '20000000-0000-0000-0000-000000000002',
   '30000000-0000-0000-0000-000000000001', now()-interval '42m', now()-interval '34m', '주수'),
  ('50000000-0000-0000-0000-000000000001', '20000000-0000-0000-0000-000000000004',
   '30000000-0000-0000-0000-000000000001', now()-interval '41m', now()-interval '33m', '고가진입'),
  ('50000000-0000-0000-0000-000000000001', '20000000-0000-0000-0000-000000000006',
   '30000000-0000-0000-0000-000000000001', now()-interval '41m', now()-interval '35m', '구급대기')
on conflict do nothing;

-- 시나리오 1 차량 상태 업데이트
update vehicles set status = 'onscene' where id in (
  '20000000-0000-0000-0000-000000000001',
  '20000000-0000-0000-0000-000000000002',
  '20000000-0000-0000-0000-000000000004',
  '20000000-0000-0000-0000-000000000006'
);

-- 시나리오 1 전술 로그
insert into tactical_logs (incident_id, actor_id, action_type, content, ai_assisted) values
  ('50000000-0000-0000-0000-000000000001', '30000000-0000-0000-0000-000000000001',
   'dispatch_vehicle', '덕진지휘1 출동 명령', false),
  ('50000000-0000-0000-0000-000000000001', '30000000-0000-0000-0000-000000000001',
   'dispatch_vehicle', '덕진펌프1 출동 명령 — 주수 임무', false),
  ('50000000-0000-0000-0000-000000000001', '30000000-0000-0000-0000-000000000001',
   'update_status', '[dispatched → onscene] 선착대 현장 도착, 고층 화재 확인. 고가차 요청', false),
  ('50000000-0000-0000-0000-000000000001', '30000000-0000-0000-0000-000000000001',
   'ai_copilot_query',
   '12층 화재, 스프링클러 작동 확인 요망. 유사 고층 화재 사례 기준 진입 팀 2개조 추가 필요.
    배연설비 강제 작동 요청 권고. 구조 대상자 1명 위치: 1201호 추정.',
   true)
on conflict do nothing;
